{"number_of_chapters":1189,"total_token_count":917040,"mean_chapter_length":771.2699747687132,"number_of_verses":31102,"mean_verse_length":29.48492058388528,"unique_token_count":9949}