{"b":0.528292272027799,"k1":1.4444226582751414,"k3":7.198604975842739,"mu":4750}