{"b":0.44977495270398204,"k1":1.6942378445937654,"k3":4.529839368251753,"mu":2045}