{"b":0.79237631325822,"k1":1.1111111564981286,"k3":10.001164486523624,"mu":1012}