{"b":0.8942651406828603,"k1":0.9228553788451022,"k3":4.929191607913371,"mu":3017}