{"b":0.4286375488768187,"k1":1.0331775645636214,"k3":3.249599155824708,"mu":4953}