{"number_of_chapters":1189,"total_token_count":380421,"mean_chapter_length":319.95037846930194,"number_of_verses":31086,"mean_verse_length":12.237695425593515,"unique_token_count":10421}