{"number_of_chapters":1189,"total_token_count":951809,"mean_chapter_length":800.5121951219512,"number_of_verses":31086,"mean_verse_length":30.618574277809948,"unique_token_count":10650}